ID,Name,Email,Product Title,Price,Quantity
1,Frank Cartwright,goodwin.alvina@keeling.com,,,
,,,Darrel Dooley,39,2
,,,Prof. Bennie Roberts,15,5
,,,Hermenia Ondricka,20,1
2,Savannah Hamill,nicolas.heller@yahood.com,,,
,,,Dr. Kathlyn Miller,34,3
,,,Mr. Lucious Theil V,59,1
,,,Prof. Catalina Ortiz IV,16,2
,,,Makenzie Gutkowski,85,3
3,Treva Douglas,nicholas.frami@hotmail.com,,,
,,,Kadin Daniel,84,2
,,,Mr Jerome Oberbrunner I,84,3
4,Sim McKenzie,kkris@mayer.info,,,
,,,Laura Will I,35,3
,,,Gerald Kassulke,99,4
,,,Stuart Kling,16,1
,,,Prof. Adrianna Treutel Phd,61,1
5,Lauretta Dibber,alek.koelpin@yahoo.com,,,
,,,Shaun Bailey,19,5
,,,Lillie Considine,31,2
,,,Alfreda Keshlerin,100,2
6,Estelle Wyman,reginald.lind@wuckert.com,,,
,,,Macie Marks,99,2
,,,Dr. Robin Mills I,66,1
,,,Mr Maximo Volkman,98,1
,,,Guy Von Pfeffer,29,4
,,,Dr. Chris Cuummins,51,4
7,Alexandrine Baumbach,hilario.nolan@oreilly.com,,,
,,,Darrel Dooley,39,2
,,,Prof. Bennie Roberts,15,5
,,,Hermenia Ondricka,20,1
8,Elvis Jones,jayson90@jaskolski.com,,,
,,,Dr. Kathlyn Miller,34,3
,,,Mr. Lucious Theil V,59,1
,,,Prof. Catalina Ortiz IV,16,2
,,,Makenzie Gutkowski,85,3
9,Lemuel Ryan,tkub@weber.com,,,
,,,Kadin Daniel,84,2
,,,Mr Jerome Oberbrunner I,84,3
10,Jedediah Lesch,skeeling@gmail.com,,,
,,,Laura Will I,35,3
,,,Gerald Kassulke,99,4
,,,Stuart Kling,16,1
,,,Prof. Adrianna Treutel Phd,61,1
11,Arlo Kilback,yferry@shieds.com,,,
,,,Shaun Bailey,19,5
,,,Lillie Considine,31,2
,,,Alfreda Keshlerin,100,2
12,Alta Gaylord,maggio.misty@block.net,,,
,,,Macie Marks,99,2
,,,Dr. Robin Mills I,66,1
,,,Mr Maximo Volkman,98,1
,,,Guy Von Pfeffer,29,4
,,,Dr. Chris Cuummins,51,4
13,Walker Windler,sydnie88@yost.com,,,
14,Carleton King,willms.shaun@gmaiul.com,,,
15,Maurice Schmitt,ayla18@aufderhar.info,,,
16,Marian O'Hara,everette.beier@yahoo.com,,,
17,Candida Corkery,irowe@schoen.org,,,
18,Delaney Beyer,pollich.rita@pfeffer.com,,,
19,Stantin Veum,jake57@gmail.com,,,
20,Zella Farrell,andres.baumbach@yahoo.com,,,
